referenceID;Company;Name;Phone number;E-mail
jkjnmyj;tbt;hth6yu;vb;
jkjnmyjyyj;tbtjj;hth6yujtjt;vbtyjtyj;
jkjnmyjyyj;tbtjj;hth6yujtjt;vbtyjtyj;
jkjnmyjyyj;tbtjj;hth6yujtjt;vbtyjtyj;
jkjnmyjyyj;tbtjj;hth6yujtjt;vbtyjtyj;
ØOI;OØI;OØI;IØOOIØ
7;11;hhh;h;hh;ththh
8;12;hhh;h;hh;ththh
8;12;hhh;hioø;hhøoiøoi;ththhøo
8;12;hhh;hioø;hhøoiøoi;ththhøo
8;12;hhh;hioø;hhøoiøoi;ththhøo
8;12;hhh;hioø;hhøoiøoi;ththhøo
8;12;hhh;hioø;hhøoiøoi;ththhøo
14;13;på';';'å';opå'
15;13;på'påæop;påæ;'å';opå'æopæ
16;13;på'påæopopææop;iopæiopæ;iopæ'oiøæjkløuio;opå'æopæ
17;13;på'påæopopææop;iopæiopæ;iopæ'oiøæjkløuio;opå'æopiopæoæipoipææ
18;14;h;prthj;yjtyjtyjyuk;rth
19;14;huliuiluitl;prthj;yjtyjtyjyuk;rthtyiulkuil
20;14;huliuiluitlhjklhjkl;prthj;yjtyjtyjyuk;rthtyiulkuhjkljklil
